-- phpMyAdmin SQL Dump
-- version 5.0.2
-- https://www.phpmyadmin.net/
--
-- Host: 127.0.0.1
-- Generation Time: Dec 08, 2020 at 06:28 AM
-- Server version: 10.4.13-MariaDB
-- PHP Version: 7.2.32

SET SQL_MODE = "NO_AUTO_VALUE_ON_ZERO";
START TRANSACTION;
SET time_zone = "+00:00";


/*!40101 SET @OLD_CHARACTER_SET_CLIENT=@@CHARACTER_SET_CLIENT */;
/*!40101 SET @OLD_CHARACTER_SET_RESULTS=@@CHARACTER_SET_RESULTS */;
/*!40101 SET @OLD_COLLATION_CONNECTION=@@COLLATION_CONNECTION */;
/*!40101 SET NAMES utf8mb4 */;

--
-- Database: `sdp_consignment_v2`
--
CREATE DATABASE IF NOT EXISTS `sdp_consignment_v2` DEFAULT CHARACTER SET utf8mb4 COLLATE utf8mb4_general_ci;
USE `sdp_consignment_v2`;

-- --------------------------------------------------------

--
-- Table structure for table `admins`
--

DROP TABLE IF EXISTS `admins`;
CREATE TABLE `admins` (
  `ADMINP_ID` varchar(10) NOT NULL,
  `email` varchar(100) NOT NULL,
  `NAMA_ADMINP` char(50) DEFAULT NULL,
  `PASSWORD_ADMINP` varchar(100) DEFAULT NULL,
  `created_at` date DEFAULT NULL,
  `updated_at` date DEFAULT NULL,
  `deleted_at` date DEFAULT NULL
) ENGINE=InnoDB DEFAULT CHARSET=utf8mb4;

--
-- Dumping data for table `admins`
--

INSERT INTO `admins` (`ADMINP_ID`, `email`, `NAMA_ADMINP`, `PASSWORD_ADMINP`, `created_at`, `updated_at`, `deleted_at`) VALUES
('0', 'admin1@admin.com', 'admin1', 'admin1', '2020-11-04', '2020-11-12', NULL),
('1', 'admin2@admin.com', 'admin2', 'admin2', '2020-11-04', '2020-11-04', NULL),
('2', 'admin3@admin.com', 'admin3', 'admin3', '2020-11-04', '2020-11-04', NULL),
('3', 'admin4@admin.com', 'admin4', 'admin4', '2020-11-12', '2020-11-12', NULL);

-- --------------------------------------------------------

--
-- Table structure for table `banks`
--

DROP TABLE IF EXISTS `banks`;
CREATE TABLE `banks` (
  `bank_id` int(11) NOT NULL,
  `nama_bank` varchar(30) DEFAULT NULL,
  `rekening` varchar(20) NOT NULL,
  `pemilik` varchar(100) NOT NULL,
  `created_at` date DEFAULT NULL,
  `updated_at` date DEFAULT NULL,
  `deleted_at` date DEFAULT NULL
) ENGINE=InnoDB DEFAULT CHARSET=utf8mb4;

--
-- Dumping data for table `banks`
--

INSERT INTO `banks` (`bank_id`, `nama_bank`, `rekening`, `pemilik`, `created_at`, `updated_at`, `deleted_at`) VALUES
(1, 'Bank Rakyat Indonesia', '5230001', 'Michael Louis Chandra', '2020-11-11', '2020-11-11', NULL),
(2, 'Bank MandirI', '5230002', 'Michael Louis Chandra', '2020-11-11', '2020-11-11', NULL),
(3, 'Bank Central Asia ', '5230003', 'Michael Louis Chandra', '2020-11-11', '2020-11-11', NULL),
(4, 'Bank Negara Indonesia', '5230004', 'Michael Louis Chandra', '2020-11-11', '2020-11-11', NULL),
(5, 'Bank Tabungan Negara', '5230005', 'Michael Louis Chandra', '2020-11-11', '2020-11-11', NULL),
(6, 'Bank CIMB Niaga', '5230006', 'Michael Louis Chandra', '2020-11-11', '2020-11-11', NULL),
(7, 'Bank BTPN', '5230007', 'Michael Louis Chandra', '2020-11-11', '2020-11-11', NULL),
(8, 'Panin Bank', '5230008', 'Michael Louis Chandra', '2020-11-11', '2020-11-11', NULL),
(9, 'Bank OCBC NISP', '5230009', 'Michael Louis Chandra', '2020-11-11', '2020-11-11', NULL),
(10, 'Bank Maybank Indonesia', '5230010', 'Michael Louis Chandra', '2020-11-11', '2020-11-11', NULL),
(11, 'Jenius', '5230011', 'Michael Louis Chandra', '2020-11-04', '2020-11-04', NULL),
(12, 'Bank BRI Syariah', '52300112', 'Michael Louis Chandra', '2020-11-12', '2020-11-12', NULL);

-- --------------------------------------------------------

--
-- Table structure for table `cities`
--

DROP TABLE IF EXISTS `cities`;
CREATE TABLE `cities` (
  `id` bigint(20) UNSIGNED NOT NULL,
  `province_id` int(10) UNSIGNED NOT NULL,
  `city_id` int(10) UNSIGNED NOT NULL,
  `title` varchar(255) COLLATE utf8mb4_unicode_ci NOT NULL,
  `created_at` timestamp NULL DEFAULT NULL,
  `updated_at` timestamp NULL DEFAULT NULL
) ENGINE=InnoDB DEFAULT CHARSET=utf8mb4 COLLATE=utf8mb4_unicode_ci;

--
-- Dumping data for table `cities`
--

INSERT INTO `cities` (`id`, `province_id`, `city_id`, `title`, `created_at`, `updated_at`) VALUES
(1, 1, 17, 'Badung', '2020-12-03 04:02:06', '2020-12-03 04:02:06'),
(2, 1, 32, 'Bangli', '2020-12-03 04:02:06', '2020-12-03 04:02:06'),
(3, 1, 94, 'Buleleng', '2020-12-03 04:02:06', '2020-12-03 04:02:06'),
(4, 1, 114, 'Denpasar', '2020-12-03 04:02:06', '2020-12-03 04:02:06'),
(5, 1, 128, 'Gianyar', '2020-12-03 04:02:06', '2020-12-03 04:02:06'),
(6, 1, 161, 'Jembrana', '2020-12-03 04:02:06', '2020-12-03 04:02:06'),
(7, 1, 170, 'Karangasem', '2020-12-03 04:02:06', '2020-12-03 04:02:06'),
(8, 1, 197, 'Klungkung', '2020-12-03 04:02:06', '2020-12-03 04:02:06'),
(9, 1, 447, 'Tabanan', '2020-12-03 04:02:06', '2020-12-03 04:02:06'),
(10, 2, 27, 'Bangka', '2020-12-03 04:02:08', '2020-12-03 04:02:08'),
(11, 2, 28, 'Bangka Barat', '2020-12-03 04:02:08', '2020-12-03 04:02:08'),
(12, 2, 29, 'Bangka Selatan', '2020-12-03 04:02:08', '2020-12-03 04:02:08'),
(13, 2, 30, 'Bangka Tengah', '2020-12-03 04:02:08', '2020-12-03 04:02:08'),
(14, 2, 56, 'Belitung', '2020-12-03 04:02:08', '2020-12-03 04:02:08'),
(15, 2, 57, 'Belitung Timur', '2020-12-03 04:02:08', '2020-12-03 04:02:08'),
(16, 2, 334, 'Pangkal Pinang', '2020-12-03 04:02:08', '2020-12-03 04:02:08'),
(17, 3, 106, 'Cilegon', '2020-12-03 04:02:09', '2020-12-03 04:02:09'),
(18, 3, 232, 'Lebak', '2020-12-03 04:02:09', '2020-12-03 04:02:09'),
(19, 3, 331, 'Pandeglang', '2020-12-03 04:02:09', '2020-12-03 04:02:09'),
(20, 3, 402, 'Serang', '2020-12-03 04:02:09', '2020-12-03 04:02:09'),
(21, 3, 403, 'Serang', '2020-12-03 04:02:09', '2020-12-03 04:02:09'),
(22, 3, 455, 'Tangerang', '2020-12-03 04:02:09', '2020-12-03 04:02:09'),
(23, 3, 456, 'Tangerang', '2020-12-03 04:02:09', '2020-12-03 04:02:09'),
(24, 3, 457, 'Tangerang Selatan', '2020-12-03 04:02:09', '2020-12-03 04:02:09'),
(25, 4, 62, 'Bengkulu', '2020-12-03 04:02:10', '2020-12-03 04:02:10'),
(26, 4, 63, 'Bengkulu Selatan', '2020-12-03 04:02:10', '2020-12-03 04:02:10'),
(27, 4, 64, 'Bengkulu Tengah', '2020-12-03 04:02:10', '2020-12-03 04:02:10'),
(28, 4, 65, 'Bengkulu Utara', '2020-12-03 04:02:10', '2020-12-03 04:02:10'),
(29, 4, 175, 'Kaur', '2020-12-03 04:02:10', '2020-12-03 04:02:10'),
(30, 4, 183, 'Kepahiang', '2020-12-03 04:02:10', '2020-12-03 04:02:10'),
(31, 4, 233, 'Lebong', '2020-12-03 04:02:10', '2020-12-03 04:02:10'),
(32, 4, 294, 'Muko Muko', '2020-12-03 04:02:10', '2020-12-03 04:02:10'),
(33, 4, 379, 'Rejang Lebong', '2020-12-03 04:02:10', '2020-12-03 04:02:10'),
(34, 4, 397, 'Seluma', '2020-12-03 04:02:10', '2020-12-03 04:02:10'),
(35, 5, 39, 'Bantul', '2020-12-03 04:02:12', '2020-12-03 04:02:12'),
(36, 5, 135, 'Gunung Kidul', '2020-12-03 04:02:12', '2020-12-03 04:02:12'),
(37, 5, 210, 'Kulon Progo', '2020-12-03 04:02:12', '2020-12-03 04:02:12'),
(38, 5, 419, 'Sleman', '2020-12-03 04:02:12', '2020-12-03 04:02:12'),
(39, 5, 501, 'Yogyakarta', '2020-12-03 04:02:12', '2020-12-03 04:02:12'),
(40, 6, 151, 'Jakarta Barat', '2020-12-03 04:02:13', '2020-12-03 04:02:13'),
(41, 6, 152, 'Jakarta Pusat', '2020-12-03 04:02:13', '2020-12-03 04:02:13'),
(42, 6, 153, 'Jakarta Selatan', '2020-12-03 04:02:13', '2020-12-03 04:02:13'),
(43, 6, 154, 'Jakarta Timur', '2020-12-03 04:02:13', '2020-12-03 04:02:13'),
(44, 6, 155, 'Jakarta Utara', '2020-12-03 04:02:13', '2020-12-03 04:02:13'),
(45, 6, 189, 'Kepulauan Seribu', '2020-12-03 04:02:13', '2020-12-03 04:02:13'),
(46, 7, 77, 'Boalemo', '2020-12-03 04:02:15', '2020-12-03 04:02:15'),
(47, 7, 88, 'Bone Bolango', '2020-12-03 04:02:15', '2020-12-03 04:02:15'),
(48, 7, 129, 'Gorontalo', '2020-12-03 04:02:15', '2020-12-03 04:02:15'),
(49, 7, 130, 'Gorontalo', '2020-12-03 04:02:15', '2020-12-03 04:02:15'),
(50, 7, 131, 'Gorontalo Utara', '2020-12-03 04:02:15', '2020-12-03 04:02:15'),
(51, 7, 361, 'Pohuwato', '2020-12-03 04:02:15', '2020-12-03 04:02:15'),
(52, 8, 50, 'Batang Hari', '2020-12-03 04:02:17', '2020-12-03 04:02:17'),
(53, 8, 97, 'Bungo', '2020-12-03 04:02:17', '2020-12-03 04:02:17'),
(54, 8, 156, 'Jambi', '2020-12-03 04:02:17', '2020-12-03 04:02:17'),
(55, 8, 194, 'Kerinci', '2020-12-03 04:02:17', '2020-12-03 04:02:17'),
(56, 8, 280, 'Merangin', '2020-12-03 04:02:17', '2020-12-03 04:02:17'),
(57, 8, 293, 'Muaro Jambi', '2020-12-03 04:02:17', '2020-12-03 04:02:17'),
(58, 8, 393, 'Sarolangun', '2020-12-03 04:02:17', '2020-12-03 04:02:17'),
(59, 8, 442, 'Sungaipenuh', '2020-12-03 04:02:17', '2020-12-03 04:02:17'),
(60, 8, 460, 'Tanjung Jabung Barat', '2020-12-03 04:02:17', '2020-12-03 04:02:17'),
(61, 8, 461, 'Tanjung Jabung Timur', '2020-12-03 04:02:17', '2020-12-03 04:02:17'),
(62, 8, 471, 'Tebo', '2020-12-03 04:02:17', '2020-12-03 04:02:17'),
(63, 9, 22, 'Bandung', '2020-12-03 04:02:18', '2020-12-03 04:02:18'),
(64, 9, 23, 'Bandung', '2020-12-03 04:02:18', '2020-12-03 04:02:18'),
(65, 9, 24, 'Bandung Barat', '2020-12-03 04:02:18', '2020-12-03 04:02:18'),
(66, 9, 34, 'Banjar', '2020-12-03 04:02:18', '2020-12-03 04:02:18'),
(67, 9, 54, 'Bekasi', '2020-12-03 04:02:18', '2020-12-03 04:02:18'),
(68, 9, 55, 'Bekasi', '2020-12-03 04:02:18', '2020-12-03 04:02:18'),
(69, 9, 78, 'Bogor', '2020-12-03 04:02:18', '2020-12-03 04:02:18'),
(70, 9, 79, 'Bogor', '2020-12-03 04:02:18', '2020-12-03 04:02:18'),
(71, 9, 103, 'Ciamis', '2020-12-03 04:02:18', '2020-12-03 04:02:18'),
(72, 9, 104, 'Cianjur', '2020-12-03 04:02:18', '2020-12-03 04:02:18'),
(73, 9, 107, 'Cimahi', '2020-12-03 04:02:18', '2020-12-03 04:02:18'),
(74, 9, 108, 'Cirebon', '2020-12-03 04:02:18', '2020-12-03 04:02:18'),
(75, 9, 109, 'Cirebon', '2020-12-03 04:02:18', '2020-12-03 04:02:18'),
(76, 9, 115, 'Depok', '2020-12-03 04:02:18', '2020-12-03 04:02:18'),
(77, 9, 126, 'Garut', '2020-12-03 04:02:18', '2020-12-03 04:02:18'),
(78, 9, 149, 'Indramayu', '2020-12-03 04:02:18', '2020-12-03 04:02:18'),
(79, 9, 171, 'Karawang', '2020-12-03 04:02:18', '2020-12-03 04:02:18'),
(80, 9, 211, 'Kuningan', '2020-12-03 04:02:18', '2020-12-03 04:02:18'),
(81, 9, 252, 'Majalengka', '2020-12-03 04:02:18', '2020-12-03 04:02:18'),
(82, 9, 332, 'Pangandaran', '2020-12-03 04:02:18', '2020-12-03 04:02:18'),
(83, 9, 376, 'Purwakarta', '2020-12-03 04:02:18', '2020-12-03 04:02:18'),
(84, 9, 428, 'Subang', '2020-12-03 04:02:18', '2020-12-03 04:02:18'),
(85, 9, 430, 'Sukabumi', '2020-12-03 04:02:18', '2020-12-03 04:02:18'),
(86, 9, 431, 'Sukabumi', '2020-12-03 04:02:18', '2020-12-03 04:02:18'),
(87, 9, 440, 'Sumedang', '2020-12-03 04:02:18', '2020-12-03 04:02:18'),
(88, 9, 468, 'Tasikmalaya', '2020-12-03 04:02:18', '2020-12-03 04:02:18'),
(89, 9, 469, 'Tasikmalaya', '2020-12-03 04:02:18', '2020-12-03 04:02:18'),
(90, 10, 37, 'Banjarnegara', '2020-12-03 04:02:20', '2020-12-03 04:02:20'),
(91, 10, 41, 'Banyumas', '2020-12-03 04:02:20', '2020-12-03 04:02:20'),
(92, 10, 49, 'Batang', '2020-12-03 04:02:20', '2020-12-03 04:02:20'),
(93, 10, 76, 'Blora', '2020-12-03 04:02:20', '2020-12-03 04:02:20'),
(94, 10, 91, 'Boyolali', '2020-12-03 04:02:20', '2020-12-03 04:02:20'),
(95, 10, 92, 'Brebes', '2020-12-03 04:02:20', '2020-12-03 04:02:20'),
(96, 10, 105, 'Cilacap', '2020-12-03 04:02:20', '2020-12-03 04:02:20'),
(97, 10, 113, 'Demak', '2020-12-03 04:02:20', '2020-12-03 04:02:20'),
(98, 10, 134, 'Grobogan', '2020-12-03 04:02:20', '2020-12-03 04:02:20'),
(99, 10, 163, 'Jepara', '2020-12-03 04:02:20', '2020-12-03 04:02:20'),
(100, 10, 169, 'Karanganyar', '2020-12-03 04:02:20', '2020-12-03 04:02:20'),
(101, 10, 177, 'Kebumen', '2020-12-03 04:02:20', '2020-12-03 04:02:20'),
(102, 10, 181, 'Kendal', '2020-12-03 04:02:20', '2020-12-03 04:02:20'),
(103, 10, 196, 'Klaten', '2020-12-03 04:02:20', '2020-12-03 04:02:20'),
(104, 10, 209, 'Kudus', '2020-12-03 04:02:20', '2020-12-03 04:02:20'),
(105, 10, 249, 'Magelang', '2020-12-03 04:02:20', '2020-12-03 04:02:20'),
(106, 10, 250, 'Magelang', '2020-12-03 04:02:20', '2020-12-03 04:02:20'),
(107, 10, 344, 'Pati', '2020-12-03 04:02:20', '2020-12-03 04:02:20'),
(108, 10, 348, 'Pekalongan', '2020-12-03 04:02:20', '2020-12-03 04:02:20'),
(109, 10, 349, 'Pekalongan', '2020-12-03 04:02:20', '2020-12-03 04:02:20'),
(110, 10, 352, 'Pemalang', '2020-12-03 04:02:20', '2020-12-03 04:02:20'),
(111, 10, 375, 'Purbalingga', '2020-12-03 04:02:20', '2020-12-03 04:02:20'),
(112, 10, 377, 'Purworejo', '2020-12-03 04:02:20', '2020-12-03 04:02:20'),
(113, 10, 380, 'Rembang', '2020-12-03 04:02:20', '2020-12-03 04:02:20'),
(114, 10, 386, 'Salatiga', '2020-12-03 04:02:20', '2020-12-03 04:02:20'),
(115, 10, 398, 'Semarang', '2020-12-03 04:02:20', '2020-12-03 04:02:20'),
(116, 10, 399, 'Semarang', '2020-12-03 04:02:20', '2020-12-03 04:02:20'),
(117, 10, 427, 'Sragen', '2020-12-03 04:02:20', '2020-12-03 04:02:20'),
(118, 10, 433, 'Sukoharjo', '2020-12-03 04:02:20', '2020-12-03 04:02:20'),
(119, 10, 445, 'Surakarta (Solo)', '2020-12-03 04:02:20', '2020-12-03 04:02:20'),
(120, 10, 472, 'Tegal', '2020-12-03 04:02:20', '2020-12-03 04:02:20'),
(121, 10, 473, 'Tegal', '2020-12-03 04:02:20', '2020-12-03 04:02:20'),
(122, 10, 476, 'Temanggung', '2020-12-03 04:02:20', '2020-12-03 04:02:20'),
(123, 10, 497, 'Wonogiri', '2020-12-03 04:02:20', '2020-12-03 04:02:20'),
(124, 10, 498, 'Wonosobo', '2020-12-03 04:02:20', '2020-12-03 04:02:20'),
(125, 11, 31, 'Bangkalan', '2020-12-03 04:02:21', '2020-12-03 04:02:21'),
(126, 11, 42, 'Banyuwangi', '2020-12-03 04:02:21', '2020-12-03 04:02:21'),
(127, 11, 51, 'Batu', '2020-12-03 04:02:21', '2020-12-03 04:02:21'),
(128, 11, 74, 'Blitar', '2020-12-03 04:02:21', '2020-12-03 04:02:21'),
(129, 11, 75, 'Blitar', '2020-12-03 04:02:21', '2020-12-03 04:02:21'),
(130, 11, 80, 'Bojonegoro', '2020-12-03 04:02:21', '2020-12-03 04:02:21'),
(131, 11, 86, 'Bondowoso', '2020-12-03 04:02:21', '2020-12-03 04:02:21'),
(132, 11, 133, 'Gresik', '2020-12-03 04:02:21', '2020-12-03 04:02:21'),
(133, 11, 160, 'Jember', '2020-12-03 04:02:21', '2020-12-03 04:02:21'),
(134, 11, 164, 'Jombang', '2020-12-03 04:02:21', '2020-12-03 04:02:21'),
(135, 11, 178, 'Kediri', '2020-12-03 04:02:21', '2020-12-03 04:02:21'),
(136, 11, 179, 'Kediri', '2020-12-03 04:02:21', '2020-12-03 04:02:21'),
(137, 11, 222, 'Lamongan', '2020-12-03 04:02:21', '2020-12-03 04:02:21'),
(138, 11, 243, 'Lumajang', '2020-12-03 04:02:21', '2020-12-03 04:02:21'),
(139, 11, 247, 'Madiun', '2020-12-03 04:02:21', '2020-12-03 04:02:21'),
(140, 11, 248, 'Madiun', '2020-12-03 04:02:21', '2020-12-03 04:02:21'),
(141, 11, 251, 'Magetan', '2020-12-03 04:02:21', '2020-12-03 04:02:21'),
(142, 11, 256, 'Malang', '2020-12-03 04:02:21', '2020-12-03 04:02:21'),
(143, 11, 255, 'Malang', '2020-12-03 04:02:21', '2020-12-03 04:02:21'),
(144, 11, 289, 'Mojokerto', '2020-12-03 04:02:21', '2020-12-03 04:02:21'),
(145, 11, 290, 'Mojokerto', '2020-12-03 04:02:21', '2020-12-03 04:02:21'),
(146, 11, 305, 'Nganjuk', '2020-12-03 04:02:21', '2020-12-03 04:02:21'),
(147, 11, 306, 'Ngawi', '2020-12-03 04:02:21', '2020-12-03 04:02:21'),
(148, 11, 317, 'Pacitan', '2020-12-03 04:02:21', '2020-12-03 04:02:21'),
(149, 11, 330, 'Pamekasan', '2020-12-03 04:02:21', '2020-12-03 04:02:21'),
(150, 11, 342, 'Pasuruan', '2020-12-03 04:02:21', '2020-12-03 04:02:21'),
(151, 11, 343, 'Pasuruan', '2020-12-03 04:02:21', '2020-12-03 04:02:21'),
(152, 11, 363, 'Ponorogo', '2020-12-03 04:02:21', '2020-12-03 04:02:21'),
(153, 11, 369, 'Probolinggo', '2020-12-03 04:02:21', '2020-12-03 04:02:21'),
(154, 11, 370, 'Probolinggo', '2020-12-03 04:02:21', '2020-12-03 04:02:21'),
(155, 11, 390, 'Sampang', '2020-12-03 04:02:21', '2020-12-03 04:02:21'),
(156, 11, 409, 'Sidoarjo', '2020-12-03 04:02:21', '2020-12-03 04:02:21'),
(157, 11, 418, 'Situbondo', '2020-12-03 04:02:21', '2020-12-03 04:02:21'),
(158, 11, 441, 'Sumenep', '2020-12-03 04:02:21', '2020-12-03 04:02:21'),
(159, 11, 444, 'Surabaya', '2020-12-03 04:02:21', '2020-12-03 04:02:21'),
(160, 11, 487, 'Trenggalek', '2020-12-03 04:02:21', '2020-12-03 04:02:21'),
(161, 11, 489, 'Tuban', '2020-12-03 04:02:21', '2020-12-03 04:02:21'),
(162, 11, 492, 'Tulungagung', '2020-12-03 04:02:21', '2020-12-03 04:02:21'),
(163, 12, 61, 'Bengkayang', '2020-12-03 04:02:23', '2020-12-03 04:02:23'),
(164, 12, 168, 'Kapuas Hulu', '2020-12-03 04:02:23', '2020-12-03 04:02:23'),
(165, 12, 176, 'Kayong Utara', '2020-12-03 04:02:23', '2020-12-03 04:02:23'),
(166, 12, 195, 'Ketapang', '2020-12-03 04:02:23', '2020-12-03 04:02:23'),
(167, 12, 208, 'Kubu Raya', '2020-12-03 04:02:23', '2020-12-03 04:02:23'),
(168, 12, 228, 'Landak', '2020-12-03 04:02:23', '2020-12-03 04:02:23'),
(169, 12, 279, 'Melawi', '2020-12-03 04:02:23', '2020-12-03 04:02:23'),
(170, 12, 364, 'Pontianak', '2020-12-03 04:02:23', '2020-12-03 04:02:23'),
(171, 12, 365, 'Pontianak', '2020-12-03 04:02:23', '2020-12-03 04:02:23'),
(172, 12, 388, 'Sambas', '2020-12-03 04:02:23', '2020-12-03 04:02:23'),
(173, 12, 391, 'Sanggau', '2020-12-03 04:02:23', '2020-12-03 04:02:23'),
(174, 12, 395, 'Sekadau', '2020-12-03 04:02:23', '2020-12-03 04:02:23'),
(175, 12, 415, 'Singkawang', '2020-12-03 04:02:23', '2020-12-03 04:02:23'),
(176, 12, 417, 'Sintang', '2020-12-03 04:02:23', '2020-12-03 04:02:23'),
(177, 13, 18, 'Balangan', '2020-12-03 04:02:24', '2020-12-03 04:02:24'),
(178, 13, 33, 'Banjar', '2020-12-03 04:02:24', '2020-12-03 04:02:24'),
(179, 13, 35, 'Banjarbaru', '2020-12-03 04:02:24', '2020-12-03 04:02:24'),
(180, 13, 36, 'Banjarmasin', '2020-12-03 04:02:24', '2020-12-03 04:02:24'),
(181, 13, 43, 'Barito Kuala', '2020-12-03 04:02:24', '2020-12-03 04:02:24'),
(182, 13, 143, 'Hulu Sungai Selatan', '2020-12-03 04:02:24', '2020-12-03 04:02:24'),
(183, 13, 144, 'Hulu Sungai Tengah', '2020-12-03 04:02:24', '2020-12-03 04:02:24'),
(184, 13, 145, 'Hulu Sungai Utara', '2020-12-03 04:02:24', '2020-12-03 04:02:24'),
(185, 13, 203, 'Kotabaru', '2020-12-03 04:02:24', '2020-12-03 04:02:24'),
(186, 13, 446, 'Tabalong', '2020-12-03 04:02:24', '2020-12-03 04:02:24'),
(187, 13, 452, 'Tanah Bumbu', '2020-12-03 04:02:24', '2020-12-03 04:02:24'),
(188, 13, 454, 'Tanah Laut', '2020-12-03 04:02:24', '2020-12-03 04:02:24'),
(189, 13, 466, 'Tapin', '2020-12-03 04:02:24', '2020-12-03 04:02:24'),
(190, 14, 44, 'Barito Selatan', '2020-12-03 04:02:26', '2020-12-03 04:02:26'),
(191, 14, 45, 'Barito Timur', '2020-12-03 04:02:26', '2020-12-03 04:02:26'),
(192, 14, 46, 'Barito Utara', '2020-12-03 04:02:26', '2020-12-03 04:02:26'),
(193, 14, 136, 'Gunung Mas', '2020-12-03 04:02:26', '2020-12-03 04:02:26'),
(194, 14, 167, 'Kapuas', '2020-12-03 04:02:26', '2020-12-03 04:02:26'),
(195, 14, 174, 'Katingan', '2020-12-03 04:02:26', '2020-12-03 04:02:26'),
(196, 14, 205, 'Kotawaringin Barat', '2020-12-03 04:02:26', '2020-12-03 04:02:26'),
(197, 14, 206, 'Kotawaringin Timur', '2020-12-03 04:02:26', '2020-12-03 04:02:26'),
(198, 14, 221, 'Lamandau', '2020-12-03 04:02:26', '2020-12-03 04:02:26'),
(199, 14, 296, 'Murung Raya', '2020-12-03 04:02:26', '2020-12-03 04:02:26'),
(200, 14, 326, 'Palangka Raya', '2020-12-03 04:02:26', '2020-12-03 04:02:26'),
(201, 14, 371, 'Pulang Pisau', '2020-12-03 04:02:26', '2020-12-03 04:02:26'),
(202, 14, 405, 'Seruyan', '2020-12-03 04:02:26', '2020-12-03 04:02:26'),
(203, 14, 432, 'Sukamara', '2020-12-03 04:02:26', '2020-12-03 04:02:26'),
(204, 15, 19, 'Balikpapan', '2020-12-03 04:02:27', '2020-12-03 04:02:27'),
(205, 15, 66, 'Berau', '2020-12-03 04:02:27', '2020-12-03 04:02:27'),
(206, 15, 89, 'Bontang', '2020-12-03 04:02:27', '2020-12-03 04:02:27'),
(207, 15, 214, 'Kutai Barat', '2020-12-03 04:02:27', '2020-12-03 04:02:27'),
(208, 15, 215, 'Kutai Kartanegara', '2020-12-03 04:02:27', '2020-12-03 04:02:27'),
(209, 15, 216, 'Kutai Timur', '2020-12-03 04:02:27', '2020-12-03 04:02:27'),
(210, 15, 341, 'Paser', '2020-12-03 04:02:27', '2020-12-03 04:02:27'),
(211, 15, 354, 'Penajam Paser Utara', '2020-12-03 04:02:27', '2020-12-03 04:02:27'),
(212, 15, 387, 'Samarinda', '2020-12-03 04:02:27', '2020-12-03 04:02:27'),
(213, 16, 96, 'Bulungan (Bulongan)', '2020-12-03 04:02:29', '2020-12-03 04:02:29'),
(214, 16, 257, 'Malinau', '2020-12-03 04:02:29', '2020-12-03 04:02:29'),
(215, 16, 311, 'Nunukan', '2020-12-03 04:02:29', '2020-12-03 04:02:29'),
(216, 16, 450, 'Tana Tidung', '2020-12-03 04:02:29', '2020-12-03 04:02:29'),
(217, 16, 467, 'Tarakan', '2020-12-03 04:02:29', '2020-12-03 04:02:29'),
(218, 17, 48, 'Batam', '2020-12-03 04:02:30', '2020-12-03 04:02:30'),
(219, 17, 71, 'Bintan', '2020-12-03 04:02:30', '2020-12-03 04:02:30'),
(220, 17, 172, 'Karimun', '2020-12-03 04:02:30', '2020-12-03 04:02:30'),
(221, 17, 184, 'Kepulauan Anambas', '2020-12-03 04:02:30', '2020-12-03 04:02:30'),
(222, 17, 237, 'Lingga', '2020-12-03 04:02:30', '2020-12-03 04:02:30'),
(223, 17, 302, 'Natuna', '2020-12-03 04:02:30', '2020-12-03 04:02:30'),
(224, 17, 462, 'Tanjung Pinang', '2020-12-03 04:02:30', '2020-12-03 04:02:30'),
(225, 18, 21, 'Bandar Lampung', '2020-12-03 04:02:32', '2020-12-03 04:02:32'),
(226, 18, 223, 'Lampung Barat', '2020-12-03 04:02:32', '2020-12-03 04:02:32'),
(227, 18, 224, 'Lampung Selatan', '2020-12-03 04:02:32', '2020-12-03 04:02:32'),
(228, 18, 225, 'Lampung Tengah', '2020-12-03 04:02:32', '2020-12-03 04:02:32'),
(229, 18, 226, 'Lampung Timur', '2020-12-03 04:02:32', '2020-12-03 04:02:32'),
(230, 18, 227, 'Lampung Utara', '2020-12-03 04:02:32', '2020-12-03 04:02:32'),
(231, 18, 282, 'Mesuji', '2020-12-03 04:02:32', '2020-12-03 04:02:32'),
(232, 18, 283, 'Metro', '2020-12-03 04:02:32', '2020-12-03 04:02:32'),
(233, 18, 355, 'Pesawaran', '2020-12-03 04:02:32', '2020-12-03 04:02:32'),
(234, 18, 356, 'Pesisir Barat', '2020-12-03 04:02:32', '2020-12-03 04:02:32'),
(235, 18, 368, 'Pringsewu', '2020-12-03 04:02:32', '2020-12-03 04:02:32'),
(236, 18, 458, 'Tanggamus', '2020-12-03 04:02:32', '2020-12-03 04:02:32'),
(237, 18, 490, 'Tulang Bawang', '2020-12-03 04:02:32', '2020-12-03 04:02:32'),
(238, 18, 491, 'Tulang Bawang Barat', '2020-12-03 04:02:32', '2020-12-03 04:02:32'),
(239, 18, 496, 'Way Kanan', '2020-12-03 04:02:32', '2020-12-03 04:02:32'),
(240, 19, 14, 'Ambon', '2020-12-03 04:02:33', '2020-12-03 04:02:33'),
(241, 19, 99, 'Buru', '2020-12-03 04:02:33', '2020-12-03 04:02:33'),
(242, 19, 100, 'Buru Selatan', '2020-12-03 04:02:33', '2020-12-03 04:02:33'),
(243, 19, 185, 'Kepulauan Aru', '2020-12-03 04:02:33', '2020-12-03 04:02:33'),
(244, 19, 258, 'Maluku Barat Daya', '2020-12-03 04:02:33', '2020-12-03 04:02:33'),
(245, 19, 259, 'Maluku Tengah', '2020-12-03 04:02:33', '2020-12-03 04:02:33'),
(246, 19, 260, 'Maluku Tenggara', '2020-12-03 04:02:33', '2020-12-03 04:02:33'),
(247, 19, 261, 'Maluku Tenggara Barat', '2020-12-03 04:02:33', '2020-12-03 04:02:33'),
(248, 19, 400, 'Seram Bagian Barat', '2020-12-03 04:02:33', '2020-12-03 04:02:33'),
(249, 19, 401, 'Seram Bagian Timur', '2020-12-03 04:02:33', '2020-12-03 04:02:33'),
(250, 19, 488, 'Tual', '2020-12-03 04:02:33', '2020-12-03 04:02:33'),
(251, 20, 138, 'Halmahera Barat', '2020-12-03 04:02:35', '2020-12-03 04:02:35'),
(252, 20, 139, 'Halmahera Selatan', '2020-12-03 04:02:35', '2020-12-03 04:02:35'),
(253, 20, 140, 'Halmahera Tengah', '2020-12-03 04:02:35', '2020-12-03 04:02:35'),
(254, 20, 141, 'Halmahera Timur', '2020-12-03 04:02:35', '2020-12-03 04:02:35'),
(255, 20, 142, 'Halmahera Utara', '2020-12-03 04:02:35', '2020-12-03 04:02:35'),
(256, 20, 191, 'Kepulauan Sula', '2020-12-03 04:02:35', '2020-12-03 04:02:35'),
(257, 20, 372, 'Pulau Morotai', '2020-12-03 04:02:35', '2020-12-03 04:02:35'),
(258, 20, 477, 'Ternate', '2020-12-03 04:02:35', '2020-12-03 04:02:35'),
(259, 20, 478, 'Tidore Kepulauan', '2020-12-03 04:02:35', '2020-12-03 04:02:35'),
(260, 21, 1, 'Aceh Barat', '2020-12-03 04:02:36', '2020-12-03 04:02:36'),
(261, 21, 2, 'Aceh Barat Daya', '2020-12-03 04:02:36', '2020-12-03 04:02:36'),
(262, 21, 3, 'Aceh Besar', '2020-12-03 04:02:36', '2020-12-03 04:02:36'),
(263, 21, 4, 'Aceh Jaya', '2020-12-03 04:02:36', '2020-12-03 04:02:36'),
(264, 21, 5, 'Aceh Selatan', '2020-12-03 04:02:36', '2020-12-03 04:02:36'),
(265, 21, 6, 'Aceh Singkil', '2020-12-03 04:02:36', '2020-12-03 04:02:36'),
(266, 21, 7, 'Aceh Tamiang', '2020-12-03 04:02:36', '2020-12-03 04:02:36'),
(267, 21, 8, 'Aceh Tengah', '2020-12-03 04:02:36', '2020-12-03 04:02:36'),
(268, 21, 9, 'Aceh Tenggara', '2020-12-03 04:02:36', '2020-12-03 04:02:36'),
(269, 21, 10, 'Aceh Timur', '2020-12-03 04:02:36', '2020-12-03 04:02:36'),
(270, 21, 11, 'Aceh Utara', '2020-12-03 04:02:36', '2020-12-03 04:02:36'),
(271, 21, 20, 'Banda Aceh', '2020-12-03 04:02:36', '2020-12-03 04:02:36'),
(272, 21, 59, 'Bener Meriah', '2020-12-03 04:02:36', '2020-12-03 04:02:36'),
(273, 21, 72, 'Bireuen', '2020-12-03 04:02:36', '2020-12-03 04:02:36'),
(274, 21, 127, 'Gayo Lues', '2020-12-03 04:02:36', '2020-12-03 04:02:36'),
(275, 21, 230, 'Langsa', '2020-12-03 04:02:36', '2020-12-03 04:02:36'),
(276, 21, 235, 'Lhokseumawe', '2020-12-03 04:02:36', '2020-12-03 04:02:36'),
(277, 21, 300, 'Nagan Raya', '2020-12-03 04:02:36', '2020-12-03 04:02:36'),
(278, 21, 358, 'Pidie', '2020-12-03 04:02:36', '2020-12-03 04:02:36'),
(279, 21, 359, 'Pidie Jaya', '2020-12-03 04:02:36', '2020-12-03 04:02:36'),
(280, 21, 384, 'Sabang', '2020-12-03 04:02:36', '2020-12-03 04:02:36'),
(281, 21, 414, 'Simeulue', '2020-12-03 04:02:36', '2020-12-03 04:02:36'),
(282, 21, 429, 'Subulussalam', '2020-12-03 04:02:36', '2020-12-03 04:02:36'),
(283, 22, 68, 'Bima', '2020-12-03 04:02:39', '2020-12-03 04:02:39'),
(284, 22, 69, 'Bima', '2020-12-03 04:02:39', '2020-12-03 04:02:39'),
(285, 22, 118, 'Dompu', '2020-12-03 04:02:39', '2020-12-03 04:02:39'),
(286, 22, 238, 'Lombok Barat', '2020-12-03 04:02:39', '2020-12-03 04:02:39'),
(287, 22, 239, 'Lombok Tengah', '2020-12-03 04:02:39', '2020-12-03 04:02:39'),
(288, 22, 240, 'Lombok Timur', '2020-12-03 04:02:39', '2020-12-03 04:02:39'),
(289, 22, 241, 'Lombok Utara', '2020-12-03 04:02:39', '2020-12-03 04:02:39'),
(290, 22, 276, 'Mataram', '2020-12-03 04:02:39', '2020-12-03 04:02:39'),
(291, 22, 438, 'Sumbawa', '2020-12-03 04:02:39', '2020-12-03 04:02:39'),
(292, 22, 439, 'Sumbawa Barat', '2020-12-03 04:02:39', '2020-12-03 04:02:39'),
(293, 23, 13, 'Alor', '2020-12-03 04:02:40', '2020-12-03 04:02:40'),
(294, 23, 58, 'Belu', '2020-12-03 04:02:40', '2020-12-03 04:02:40'),
(295, 23, 122, 'Ende', '2020-12-03 04:02:40', '2020-12-03 04:02:40'),
(296, 23, 125, 'Flores Timur', '2020-12-03 04:02:40', '2020-12-03 04:02:40'),
(297, 23, 212, 'Kupang', '2020-12-03 04:02:40', '2020-12-03 04:02:40'),
(298, 23, 213, 'Kupang', '2020-12-03 04:02:40', '2020-12-03 04:02:40'),
(299, 23, 234, 'Lembata', '2020-12-03 04:02:40', '2020-12-03 04:02:40'),
(300, 23, 269, 'Manggarai', '2020-12-03 04:02:40', '2020-12-03 04:02:40'),
(301, 23, 270, 'Manggarai Barat', '2020-12-03 04:02:40', '2020-12-03 04:02:40'),
(302, 23, 271, 'Manggarai Timur', '2020-12-03 04:02:40', '2020-12-03 04:02:40'),
(303, 23, 301, 'Nagekeo', '2020-12-03 04:02:40', '2020-12-03 04:02:40'),
(304, 23, 304, 'Ngada', '2020-12-03 04:02:40', '2020-12-03 04:02:40'),
(305, 23, 383, 'Rote Ndao', '2020-12-03 04:02:40', '2020-12-03 04:02:40'),
(306, 23, 385, 'Sabu Raijua', '2020-12-03 04:02:40', '2020-12-03 04:02:40'),
(307, 23, 412, 'Sikka', '2020-12-03 04:02:40', '2020-12-03 04:02:40'),
(308, 23, 434, 'Sumba Barat', '2020-12-03 04:02:40', '2020-12-03 04:02:40'),
(309, 23, 435, 'Sumba Barat Daya', '2020-12-03 04:02:40', '2020-12-03 04:02:40'),
(310, 23, 436, 'Sumba Tengah', '2020-12-03 04:02:40', '2020-12-03 04:02:40'),
(311, 23, 437, 'Sumba Timur', '2020-12-03 04:02:40', '2020-12-03 04:02:40'),
(312, 23, 479, 'Timor Tengah Selatan', '2020-12-03 04:02:40', '2020-12-03 04:02:40'),
(313, 23, 480, 'Timor Tengah Utara', '2020-12-03 04:02:40', '2020-12-03 04:02:40'),
(314, 24, 16, 'Asmat', '2020-12-03 04:02:42', '2020-12-03 04:02:42'),
(315, 24, 67, 'Biak Numfor', '2020-12-03 04:02:42', '2020-12-03 04:02:42'),
(316, 24, 90, 'Boven Digoel', '2020-12-03 04:02:42', '2020-12-03 04:02:42'),
(317, 24, 111, 'Deiyai (Deliyai)', '2020-12-03 04:02:42', '2020-12-03 04:02:42'),
(318, 24, 117, 'Dogiyai', '2020-12-03 04:02:42', '2020-12-03 04:02:42'),
(319, 24, 150, 'Intan Jaya', '2020-12-03 04:02:42', '2020-12-03 04:02:42'),
(320, 24, 157, 'Jayapura', '2020-12-03 04:02:42', '2020-12-03 04:02:42'),
(321, 24, 158, 'Jayapura', '2020-12-03 04:02:42', '2020-12-03 04:02:42'),
(322, 24, 159, 'Jayawijaya', '2020-12-03 04:02:42', '2020-12-03 04:02:42'),
(323, 24, 180, 'Keerom', '2020-12-03 04:02:42', '2020-12-03 04:02:42'),
(324, 24, 193, 'Kepulauan Yapen (Yapen Waropen)', '2020-12-03 04:02:42', '2020-12-03 04:02:42'),
(325, 24, 231, 'Lanny Jaya', '2020-12-03 04:02:42', '2020-12-03 04:02:42'),
(326, 24, 263, 'Mamberamo Raya', '2020-12-03 04:02:42', '2020-12-03 04:02:42'),
(327, 24, 264, 'Mamberamo Tengah', '2020-12-03 04:02:42', '2020-12-03 04:02:42'),
(328, 24, 274, 'Mappi', '2020-12-03 04:02:42', '2020-12-03 04:02:42'),
(329, 24, 281, 'Merauke', '2020-12-03 04:02:42', '2020-12-03 04:02:42'),
(330, 24, 284, 'Mimika', '2020-12-03 04:02:42', '2020-12-03 04:02:42'),
(331, 24, 299, 'Nabire', '2020-12-03 04:02:42', '2020-12-03 04:02:42'),
(332, 24, 303, 'Nduga', '2020-12-03 04:02:42', '2020-12-03 04:02:42'),
(333, 24, 335, 'Paniai', '2020-12-03 04:02:42', '2020-12-03 04:02:42'),
(334, 24, 347, 'Pegunungan Bintang', '2020-12-03 04:02:42', '2020-12-03 04:02:42'),
(335, 24, 373, 'Puncak', '2020-12-03 04:02:42', '2020-12-03 04:02:42'),
(336, 24, 374, 'Puncak Jaya', '2020-12-03 04:02:42', '2020-12-03 04:02:42'),
(337, 24, 392, 'Sarmi', '2020-12-03 04:02:42', '2020-12-03 04:02:42'),
(338, 24, 443, 'Supiori', '2020-12-03 04:02:42', '2020-12-03 04:02:42'),
(339, 24, 484, 'Tolikara', '2020-12-03 04:02:42', '2020-12-03 04:02:42'),
(340, 24, 495, 'Waropen', '2020-12-03 04:02:42', '2020-12-03 04:02:42'),
(341, 24, 499, 'Yahukimo', '2020-12-03 04:02:42', '2020-12-03 04:02:42'),
(342, 24, 500, 'Yalimo', '2020-12-03 04:02:42', '2020-12-03 04:02:42'),
(343, 25, 124, 'Fakfak', '2020-12-03 04:02:43', '2020-12-03 04:02:43'),
(344, 25, 165, 'Kaimana', '2020-12-03 04:02:43', '2020-12-03 04:02:43'),
(345, 25, 272, 'Manokwari', '2020-12-03 04:02:43', '2020-12-03 04:02:43'),
(346, 25, 273, 'Manokwari Selatan', '2020-12-03 04:02:43', '2020-12-03 04:02:43'),
(347, 25, 277, 'Maybrat', '2020-12-03 04:02:43', '2020-12-03 04:02:43'),
(348, 25, 346, 'Pegunungan Arfak', '2020-12-03 04:02:43', '2020-12-03 04:02:43'),
(349, 25, 378, 'Raja Ampat', '2020-12-03 04:02:43', '2020-12-03 04:02:43'),
(350, 25, 424, 'Sorong', '2020-12-03 04:02:43', '2020-12-03 04:02:43'),
(351, 25, 425, 'Sorong', '2020-12-03 04:02:43', '2020-12-03 04:02:43'),
(352, 25, 426, 'Sorong Selatan', '2020-12-03 04:02:43', '2020-12-03 04:02:43'),
(353, 25, 449, 'Tambrauw', '2020-12-03 04:02:43', '2020-12-03 04:02:43'),
(354, 25, 474, 'Teluk Bintuni', '2020-12-03 04:02:43', '2020-12-03 04:02:43'),
(355, 25, 475, 'Teluk Wondama', '2020-12-03 04:02:43', '2020-12-03 04:02:43'),
(356, 26, 60, 'Bengkalis', '2020-12-03 04:02:45', '2020-12-03 04:02:45'),
(357, 26, 120, 'Dumai', '2020-12-03 04:02:45', '2020-12-03 04:02:45'),
(358, 26, 147, 'Indragiri Hilir', '2020-12-03 04:02:45', '2020-12-03 04:02:45'),
(359, 26, 148, 'Indragiri Hulu', '2020-12-03 04:02:45', '2020-12-03 04:02:45'),
(360, 26, 166, 'Kampar', '2020-12-03 04:02:45', '2020-12-03 04:02:45'),
(361, 26, 187, 'Kepulauan Meranti', '2020-12-03 04:02:45', '2020-12-03 04:02:45'),
(362, 26, 207, 'Kuantan Singingi', '2020-12-03 04:02:45', '2020-12-03 04:02:45'),
(363, 26, 350, 'Pekanbaru', '2020-12-03 04:02:45', '2020-12-03 04:02:45'),
(364, 26, 351, 'Pelalawan', '2020-12-03 04:02:45', '2020-12-03 04:02:45'),
(365, 26, 381, 'Rokan Hilir', '2020-12-03 04:02:45', '2020-12-03 04:02:45'),
(366, 26, 382, 'Rokan Hulu', '2020-12-03 04:02:45', '2020-12-03 04:02:45'),
(367, 26, 406, 'Siak', '2020-12-03 04:02:45', '2020-12-03 04:02:45'),
(368, 27, 253, 'Majene', '2020-12-03 04:02:46', '2020-12-03 04:02:46'),
(369, 27, 262, 'Mamasa', '2020-12-03 04:02:46', '2020-12-03 04:02:46'),
(370, 27, 265, 'Mamuju', '2020-12-03 04:02:46', '2020-12-03 04:02:46'),
(371, 27, 266, 'Mamuju Utara', '2020-12-03 04:02:46', '2020-12-03 04:02:46'),
(372, 27, 362, 'Polewali Mandar', '2020-12-03 04:02:46', '2020-12-03 04:02:46'),
(373, 28, 38, 'Bantaeng', '2020-12-03 04:02:48', '2020-12-03 04:02:48'),
(374, 28, 47, 'Barru', '2020-12-03 04:02:48', '2020-12-03 04:02:48'),
(375, 28, 87, 'Bone', '2020-12-03 04:02:48', '2020-12-03 04:02:48'),
(376, 28, 95, 'Bulukumba', '2020-12-03 04:02:48', '2020-12-03 04:02:48'),
(377, 28, 123, 'Enrekang', '2020-12-03 04:02:48', '2020-12-03 04:02:48'),
(378, 28, 132, 'Gowa', '2020-12-03 04:02:48', '2020-12-03 04:02:48'),
(379, 28, 162, 'Jeneponto', '2020-12-03 04:02:48', '2020-12-03 04:02:48'),
(380, 28, 244, 'Luwu', '2020-12-03 04:02:48', '2020-12-03 04:02:48'),
(381, 28, 245, 'Luwu Timur', '2020-12-03 04:02:48', '2020-12-03 04:02:48'),
(382, 28, 246, 'Luwu Utara', '2020-12-03 04:02:48', '2020-12-03 04:02:48'),
(383, 28, 254, 'Makassar', '2020-12-03 04:02:48', '2020-12-03 04:02:48'),
(384, 28, 275, 'Maros', '2020-12-03 04:02:48', '2020-12-03 04:02:48'),
(385, 28, 328, 'Palopo', '2020-12-03 04:02:48', '2020-12-03 04:02:48'),
(386, 28, 333, 'Pangkajene Kepulauan', '2020-12-03 04:02:48', '2020-12-03 04:02:48'),
(387, 28, 336, 'Parepare', '2020-12-03 04:02:48', '2020-12-03 04:02:48'),
(388, 28, 360, 'Pinrang', '2020-12-03 04:02:48', '2020-12-03 04:02:48'),
(389, 28, 396, 'Selayar (Kepulauan Selayar)', '2020-12-03 04:02:48', '2020-12-03 04:02:48'),
(390, 28, 408, 'Sidenreng Rappang/Rapang', '2020-12-03 04:02:48', '2020-12-03 04:02:48'),
(391, 28, 416, 'Sinjai', '2020-12-03 04:02:48', '2020-12-03 04:02:48'),
(392, 28, 423, 'Soppeng', '2020-12-03 04:02:48', '2020-12-03 04:02:48'),
(393, 28, 448, 'Takalar', '2020-12-03 04:02:48', '2020-12-03 04:02:48'),
(394, 28, 451, 'Tana Toraja', '2020-12-03 04:02:48', '2020-12-03 04:02:48'),
(395, 28, 486, 'Toraja Utara', '2020-12-03 04:02:48', '2020-12-03 04:02:48'),
(396, 28, 493, 'Wajo', '2020-12-03 04:02:48', '2020-12-03 04:02:48'),
(397, 29, 25, 'Banggai', '2020-12-03 04:02:49', '2020-12-03 04:02:49'),
(398, 29, 26, 'Banggai Kepulauan', '2020-12-03 04:02:49', '2020-12-03 04:02:49'),
(399, 29, 98, 'Buol', '2020-12-03 04:02:49', '2020-12-03 04:02:49'),
(400, 29, 119, 'Donggala', '2020-12-03 04:02:49', '2020-12-03 04:02:49'),
(401, 29, 291, 'Morowali', '2020-12-03 04:02:49', '2020-12-03 04:02:49'),
(402, 29, 329, 'Palu', '2020-12-03 04:02:49', '2020-12-03 04:02:49'),
(403, 29, 338, 'Parigi Moutong', '2020-12-03 04:02:49', '2020-12-03 04:02:49'),
(404, 29, 366, 'Poso', '2020-12-03 04:02:49', '2020-12-03 04:02:49'),
(405, 29, 410, 'Sigi', '2020-12-03 04:02:49', '2020-12-03 04:02:49'),
(406, 29, 482, 'Tojo Una-Una', '2020-12-03 04:02:49', '2020-12-03 04:02:49'),
(407, 29, 483, 'Toli-Toli', '2020-12-03 04:02:49', '2020-12-03 04:02:49'),
(408, 30, 53, 'Bau-Bau', '2020-12-03 04:02:51', '2020-12-03 04:02:51'),
(409, 30, 85, 'Bombana', '2020-12-03 04:02:51', '2020-12-03 04:02:51'),
(410, 30, 101, 'Buton', '2020-12-03 04:02:51', '2020-12-03 04:02:51'),
(411, 30, 102, 'Buton Utara', '2020-12-03 04:02:51', '2020-12-03 04:02:51'),
(412, 30, 182, 'Kendari', '2020-12-03 04:02:51', '2020-12-03 04:02:51'),
(413, 30, 198, 'Kolaka', '2020-12-03 04:02:51', '2020-12-03 04:02:51'),
(414, 30, 199, 'Kolaka Utara', '2020-12-03 04:02:51', '2020-12-03 04:02:51'),
(415, 30, 200, 'Konawe', '2020-12-03 04:02:51', '2020-12-03 04:02:51'),
(416, 30, 201, 'Konawe Selatan', '2020-12-03 04:02:51', '2020-12-03 04:02:51'),
(417, 30, 202, 'Konawe Utara', '2020-12-03 04:02:51', '2020-12-03 04:02:51'),
(418, 30, 295, 'Muna', '2020-12-03 04:02:51', '2020-12-03 04:02:51'),
(419, 30, 494, 'Wakatobi', '2020-12-03 04:02:51', '2020-12-03 04:02:51'),
(420, 31, 73, 'Bitung', '2020-12-03 04:02:52', '2020-12-03 04:02:52'),
(421, 31, 81, 'Bolaang Mongondow (Bolmong)', '2020-12-03 04:02:52', '2020-12-03 04:02:52'),
(422, 31, 82, 'Bolaang Mongondow Selatan', '2020-12-03 04:02:52', '2020-12-03 04:02:52'),
(423, 31, 83, 'Bolaang Mongondow Timur', '2020-12-03 04:02:52', '2020-12-03 04:02:52'),
(424, 31, 84, 'Bolaang Mongondow Utara', '2020-12-03 04:02:52', '2020-12-03 04:02:52'),
(425, 31, 188, 'Kepulauan Sangihe', '2020-12-03 04:02:52', '2020-12-03 04:02:52'),
(426, 31, 190, 'Kepulauan Siau Tagulandang Biaro (Sitaro)', '2020-12-03 04:02:52', '2020-12-03 04:02:52'),
(427, 31, 192, 'Kepulauan Talaud', '2020-12-03 04:02:52', '2020-12-03 04:02:52'),
(428, 31, 204, 'Kotamobagu', '2020-12-03 04:02:52', '2020-12-03 04:02:52'),
(429, 31, 267, 'Manado', '2020-12-03 04:02:52', '2020-12-03 04:02:52'),
(430, 31, 285, 'Minahasa', '2020-12-03 04:02:52', '2020-12-03 04:02:52'),
(431, 31, 286, 'Minahasa Selatan', '2020-12-03 04:02:52', '2020-12-03 04:02:52'),
(432, 31, 287, 'Minahasa Tenggara', '2020-12-03 04:02:52', '2020-12-03 04:02:52'),
(433, 31, 288, 'Minahasa Utara', '2020-12-03 04:02:52', '2020-12-03 04:02:52'),
(434, 31, 485, 'Tomohon', '2020-12-03 04:02:52', '2020-12-03 04:02:52'),
(435, 32, 12, 'Agam', '2020-12-03 04:02:54', '2020-12-03 04:02:54'),
(436, 32, 93, 'Bukittinggi', '2020-12-03 04:02:54', '2020-12-03 04:02:54'),
(437, 32, 116, 'Dharmasraya', '2020-12-03 04:02:54', '2020-12-03 04:02:54'),
(438, 32, 186, 'Kepulauan Mentawai', '2020-12-03 04:02:54', '2020-12-03 04:02:54'),
(439, 32, 236, 'Lima Puluh Koto/Kota', '2020-12-03 04:02:54', '2020-12-03 04:02:54'),
(440, 32, 318, 'Padang', '2020-12-03 04:02:54', '2020-12-03 04:02:54'),
(441, 32, 321, 'Padang Panjang', '2020-12-03 04:02:54', '2020-12-03 04:02:54'),
(442, 32, 322, 'Padang Pariaman', '2020-12-03 04:02:54', '2020-12-03 04:02:54'),
(443, 32, 337, 'Pariaman', '2020-12-03 04:02:54', '2020-12-03 04:02:54'),
(444, 32, 339, 'Pasaman', '2020-12-03 04:02:54', '2020-12-03 04:02:54'),
(445, 32, 340, 'Pasaman Barat', '2020-12-03 04:02:54', '2020-12-03 04:02:54'),
(446, 32, 345, 'Payakumbuh', '2020-12-03 04:02:54', '2020-12-03 04:02:54'),
(447, 32, 357, 'Pesisir Selatan', '2020-12-03 04:02:54', '2020-12-03 04:02:54'),
(448, 32, 394, 'Sawah Lunto', '2020-12-03 04:02:54', '2020-12-03 04:02:54'),
(449, 32, 411, 'Sijunjung (Sawah Lunto Sijunjung)', '2020-12-03 04:02:54', '2020-12-03 04:02:54'),
(450, 32, 420, 'Solok', '2020-12-03 04:02:54', '2020-12-03 04:02:54'),
(451, 32, 421, 'Solok', '2020-12-03 04:02:54', '2020-12-03 04:02:54'),
(452, 32, 422, 'Solok Selatan', '2020-12-03 04:02:54', '2020-12-03 04:02:54'),
(453, 32, 453, 'Tanah Datar', '2020-12-03 04:02:54', '2020-12-03 04:02:54'),
(454, 33, 40, 'Banyuasin', '2020-12-03 04:02:56', '2020-12-03 04:02:56'),
(455, 33, 121, 'Empat Lawang', '2020-12-03 04:02:56', '2020-12-03 04:02:56'),
(456, 33, 220, 'Lahat', '2020-12-03 04:02:56', '2020-12-03 04:02:56'),
(457, 33, 242, 'Lubuk Linggau', '2020-12-03 04:02:56', '2020-12-03 04:02:56'),
(458, 33, 292, 'Muara Enim', '2020-12-03 04:02:56', '2020-12-03 04:02:56'),
(459, 33, 297, 'Musi Banyuasin', '2020-12-03 04:02:56', '2020-12-03 04:02:56'),
(460, 33, 298, 'Musi Rawas', '2020-12-03 04:02:56', '2020-12-03 04:02:56'),
(461, 33, 312, 'Ogan Ilir', '2020-12-03 04:02:56', '2020-12-03 04:02:56'),
(462, 33, 313, 'Ogan Komering Ilir', '2020-12-03 04:02:56', '2020-12-03 04:02:56'),
(463, 33, 314, 'Ogan Komering Ulu', '2020-12-03 04:02:56', '2020-12-03 04:02:56'),
(464, 33, 315, 'Ogan Komering Ulu Selatan', '2020-12-03 04:02:56', '2020-12-03 04:02:56'),
(465, 33, 316, 'Ogan Komering Ulu Timur', '2020-12-03 04:02:56', '2020-12-03 04:02:56'),
(466, 33, 324, 'Pagar Alam', '2020-12-03 04:02:56', '2020-12-03 04:02:56'),
(467, 33, 327, 'Palembang', '2020-12-03 04:02:56', '2020-12-03 04:02:56'),
(468, 33, 367, 'Prabumulih', '2020-12-03 04:02:56', '2020-12-03 04:02:56'),
(469, 34, 15, 'Asahan', '2020-12-03 04:02:57', '2020-12-03 04:02:57'),
(470, 34, 52, 'Batu Bara', '2020-12-03 04:02:57', '2020-12-03 04:02:57'),
(471, 34, 70, 'Binjai', '2020-12-03 04:02:57', '2020-12-03 04:02:57'),
(472, 34, 110, 'Dairi', '2020-12-03 04:02:57', '2020-12-03 04:02:57'),
(473, 34, 112, 'Deli Serdang', '2020-12-03 04:02:57', '2020-12-03 04:02:57'),
(474, 34, 137, 'Gunungsitoli', '2020-12-03 04:02:57', '2020-12-03 04:02:57'),
(475, 34, 146, 'Humbang Hasundutan', '2020-12-03 04:02:57', '2020-12-03 04:02:57'),
(476, 34, 173, 'Karo', '2020-12-03 04:02:57', '2020-12-03 04:02:57'),
(477, 34, 217, 'Labuhan Batu', '2020-12-03 04:02:57', '2020-12-03 04:02:57'),
(478, 34, 218, 'Labuhan Batu Selatan', '2020-12-03 04:02:57', '2020-12-03 04:02:57'),
(479, 34, 219, 'Labuhan Batu Utara', '2020-12-03 04:02:57', '2020-12-03 04:02:57'),
(480, 34, 229, 'Langkat', '2020-12-03 04:02:57', '2020-12-03 04:02:57'),
(481, 34, 268, 'Mandailing Natal', '2020-12-03 04:02:57', '2020-12-03 04:02:57'),
(482, 34, 278, 'Medan', '2020-12-03 04:02:57', '2020-12-03 04:02:57'),
(483, 34, 307, 'Nias', '2020-12-03 04:02:57', '2020-12-03 04:02:57'),
(484, 34, 308, 'Nias Barat', '2020-12-03 04:02:57', '2020-12-03 04:02:57'),
(485, 34, 309, 'Nias Selatan', '2020-12-03 04:02:57', '2020-12-03 04:02:57'),
(486, 34, 310, 'Nias Utara', '2020-12-03 04:02:57', '2020-12-03 04:02:57'),
(487, 34, 319, 'Padang Lawas', '2020-12-03 04:02:57', '2020-12-03 04:02:57'),
(488, 34, 320, 'Padang Lawas Utara', '2020-12-03 04:02:57', '2020-12-03 04:02:57'),
(489, 34, 323, 'Padang Sidempuan', '2020-12-03 04:02:57', '2020-12-03 04:02:57'),
(490, 34, 325, 'Pakpak Bharat', '2020-12-03 04:02:57', '2020-12-03 04:02:57'),
(491, 34, 353, 'Pematang Siantar', '2020-12-03 04:02:57', '2020-12-03 04:02:57'),
(492, 34, 389, 'Samosir', '2020-12-03 04:02:57', '2020-12-03 04:02:57'),
(493, 34, 404, 'Serdang Bedagai', '2020-12-03 04:02:57', '2020-12-03 04:02:57'),
(494, 34, 407, 'Sibolga', '2020-12-03 04:02:57', '2020-12-03 04:02:57'),
(495, 34, 413, 'Simalungun', '2020-12-03 04:02:57', '2020-12-03 04:02:57'),
(496, 34, 459, 'Tanjung Balai', '2020-12-03 04:02:57', '2020-12-03 04:02:57'),
(497, 34, 463, 'Tapanuli Selatan', '2020-12-03 04:02:57', '2020-12-03 04:02:57'),
(498, 34, 464, 'Tapanuli Tengah', '2020-12-03 04:02:57', '2020-12-03 04:02:57'),
(499, 34, 465, 'Tapanuli Utara', '2020-12-03 04:02:57', '2020-12-03 04:02:57'),
(500, 34, 470, 'Tebing Tinggi', '2020-12-03 04:02:57', '2020-12-03 04:02:57'),
(501, 34, 481, 'Toba Samosir', '2020-12-03 04:02:57', '2020-12-03 04:02:57');

-- --------------------------------------------------------

--
-- Table structure for table `couriers`
--

DROP TABLE IF EXISTS `couriers`;
CREATE TABLE `couriers` (
  `id` bigint(20) UNSIGNED NOT NULL,
  `code` varchar(255) COLLATE utf8mb4_unicode_ci NOT NULL,
  `title` varchar(255) COLLATE utf8mb4_unicode_ci NOT NULL,
  `created_at` timestamp NULL DEFAULT NULL,
  `updated_at` timestamp NULL DEFAULT NULL
) ENGINE=InnoDB DEFAULT CHARSET=utf8mb4 COLLATE=utf8mb4_unicode_ci;

--
-- Dumping data for table `couriers`
--

INSERT INTO `couriers` (`id`, `code`, `title`, `created_at`, `updated_at`) VALUES
(1, 'jne', 'JNE', NULL, NULL),
(2, 'pos', 'POS', NULL, NULL),
(3, 'tiki', 'TIKI', NULL, NULL);

-- --------------------------------------------------------

--
-- Table structure for table `failed_jobs`
--

DROP TABLE IF EXISTS `failed_jobs`;
CREATE TABLE `failed_jobs` (
  `id` bigint(20) UNSIGNED NOT NULL,
  `connection` text COLLATE utf8mb4_unicode_ci NOT NULL,
  `queue` text COLLATE utf8mb4_unicode_ci NOT NULL,
  `payload` longtext COLLATE utf8mb4_unicode_ci NOT NULL,
  `exception` longtext COLLATE utf8mb4_unicode_ci NOT NULL,
  `failed_at` timestamp NOT NULL DEFAULT current_timestamp()
) ENGINE=InnoDB DEFAULT CHARSET=utf8mb4 COLLATE=utf8mb4_unicode_ci;

-- --------------------------------------------------------

--
-- Table structure for table `jenisbarangs`
--

DROP TABLE IF EXISTS `jenisbarangs`;
CREATE TABLE `jenisbarangs` (
  `JENIS_ID` varchar(5) NOT NULL,
  `NAMA_JENIS` varchar(50) NOT NULL
) ENGINE=InnoDB DEFAULT CHARSET=utf8mb4;

--
-- Dumping data for table `jenisbarangs`
--

INSERT INTO `jenisbarangs` (`JENIS_ID`, `NAMA_JENIS`) VALUES
('1', 'Headset'),
('2', 'Mouse'),
('3', 'Keyboard'),
('4', 'Laptop'),
('5', 'Wallet');

-- --------------------------------------------------------

--
-- Table structure for table `merkbarangs`
--

DROP TABLE IF EXISTS `merkbarangs`;
CREATE TABLE `merkbarangs` (
  `MERK_ID` varchar(5) NOT NULL,
  `NAMA_MERK2` varchar(100) DEFAULT NULL
) ENGINE=InnoDB DEFAULT CHARSET=utf8mb4;

--
-- Dumping data for table `merkbarangs`
--

INSERT INTO `merkbarangs` (`MERK_ID`, `NAMA_MERK2`) VALUES
('1', 'Logitech'),
('2', 'Razer'),
('3', 'SteelSeries'),
('4', 'Tazer');

-- --------------------------------------------------------

--
-- Table structure for table `migrations`
--

DROP TABLE IF EXISTS `migrations`;
CREATE TABLE `migrations` (
  `id` int(10) UNSIGNED NOT NULL,
  `migration` varchar(255) COLLATE utf8mb4_unicode_ci NOT NULL,
  `batch` int(11) NOT NULL
) ENGINE=InnoDB DEFAULT CHARSET=utf8mb4 COLLATE=utf8mb4_unicode_ci;

--
-- Dumping data for table `migrations`
--

INSERT INTO `migrations` (`id`, `migration`, `batch`) VALUES
(16, '2014_10_12_000000_create_users_table', 1),
(17, '2019_08_19_000000_create_failed_jobs_table', 1),
(18, '2020_12_03_101536_create_provinces_table', 1),
(19, '2020_12_03_101613_create_cities_table', 1),
(20, '2020_12_03_101629_create_couriers_table', 1);

-- --------------------------------------------------------

--
-- Table structure for table `pengajuans`
--

DROP TABLE IF EXISTS `pengajuans`;
CREATE TABLE `pengajuans` (
  `ADMINP_ID` varchar(10) DEFAULT NULL,
  `MERK_ID` varchar(5) DEFAULT NULL,
  `PENGAJUAN_ID` int(5) NOT NULL,
  `USERPB_ID` varchar(5) DEFAULT NULL,
  `email_penjual` varchar(1000) NOT NULL,
  `TRANSAKSI_ID` varchar(5) DEFAULT NULL,
  `JENIS_ID` varchar(5) DEFAULT NULL,
  `NAMA_BARANG` varchar(1000) DEFAULT NULL,
  `TGL_PENGAJUAN` datetime DEFAULT NULL,
  `WARNA_BARANGP` varchar(15) DEFAULT NULL,
  `FUNGSIONALITAS` varchar(100) DEFAULT NULL,
  `DESKRIPSI_BARANG` varchar(1000) DEFAULT NULL,
  `STATUS_PENGAJUAN` varchar(1) DEFAULT NULL,
  `STATUS_BARANG` varchar(1) DEFAULT NULL,
  `FOTO_KIRI` varchar(1000) DEFAULT NULL,
  `FOTO_KANAN` varchar(1000) DEFAULT NULL,
  `FOTO_ATAS` varchar(1000) DEFAULT NULL,
  `FOTO_BAWAH` varchar(1000) DEFAULT NULL,
  `FOTO_DEPAN` varchar(1000) DEFAULT NULL,
  `FOTO_BELAKANG` varchar(1000) DEFAULT NULL,
  `HARGA_MIN` int(11) DEFAULT NULL,
  `HARGA_MAX` int(11) DEFAULT NULL,
  `HARGA_APPROVE` int(11) DEFAULT NULL,
  `HARGA_JASA` int(11) DEFAULT NULL,
  `USERPB_IDENTITY` varchar(1000) DEFAULT NULL,
  `bank_id` varchar(5) DEFAULT NULL,
  `USERPB_NOREK` varchar(20) DEFAULT NULL,
  `created_at` date DEFAULT NULL,
  `updated_at` date DEFAULT NULL,
  `deleted_at` date DEFAULT NULL,
  `alasan` varchar(1000) DEFAULT NULL,
  `weight` varchar(20) DEFAULT NULL
) ENGINE=InnoDB DEFAULT CHARSET=utf8mb4;

--
-- Dumping data for table `pengajuans`
--

INSERT INTO `pengajuans` (`ADMINP_ID`, `MERK_ID`, `PENGAJUAN_ID`, `USERPB_ID`, `email_penjual`, `TRANSAKSI_ID`, `JENIS_ID`, `NAMA_BARANG`, `TGL_PENGAJUAN`, `WARNA_BARANGP`, `FUNGSIONALITAS`, `DESKRIPSI_BARANG`, `STATUS_PENGAJUAN`, `STATUS_BARANG`, `FOTO_KIRI`, `FOTO_KANAN`, `FOTO_ATAS`, `FOTO_BAWAH`, `FOTO_DEPAN`, `FOTO_BELAKANG`, `HARGA_MIN`, `HARGA_MAX`, `HARGA_APPROVE`, `HARGA_JASA`, `USERPB_IDENTITY`, `bank_id`, `USERPB_NOREK`, `created_at`, `updated_at`, `deleted_at`, `alasan`, `weight`) VALUES
('1', '1', 9, '0', 'yungming6@gmail.com', '0', '1', 'G633S 7.1 LIGHTSYNC GAMING HEADSET', '2020-11-29 06:41:09', '', 'Sangat Bagus', 'Dengarkan musuh yang menyelinap, tanda keahlian khusus, dan semua yang terjadi di sekelilingmu. Terbuai sepenuhnya dalam lingkungan game dan dengar seluruh soundtrack yang membahana. Kombinasi teknologi audio terbaik dan bahan yang awet menghadirkan audio sinematik yang menyeluruh. Pro-G™ audio driver ditingkatkan ke 50 mm dan DTS Headphone:X 2.0 surround1DTS Headphone:X 2.0 surround sound hanya tersedia untuk Windows OS dan memerlukan Logitech G HUB gaming software menciptakan audio terdahsyat.', '1', '1', 'logi_kiri.png', 'logi_kanan.png', 'dummy1.png', 'dummy1.png', 'logi_depan.png', 'logi_belakang.png', 1000000, 2499000, 2499000, 0, '', '3', '11111111112', '2020-11-28', '2020-12-01', NULL, NULL, '1000'),
('1', '1', 11, '0', 'asd@asd.asd', '0', '1', 'G633S 7.1 LIGHTSYNC GAMING HEADSET V2', '2020-12-01 14:50:47', '', 'Ngerungokno suara gendang', 'testing', '1', '1', 'dummy1.png', 'dummy1.png', 'logi_belakang.png', 'logi_kanan.png', 'logi_depan.png', 'logi_belakang.png', 1000000, 2499000, 2499000, 0, '', '1', '111111111133', '2020-12-01', '2020-12-01', NULL, NULL, '1000'),
('1', '1', 12, '0', 'asd@asd.asd', '0', '1', 'Barang tidak laku', '2020-12-01 14:55:36', '', 'Tidakkkkk lakuuu', 'Tidakkkkk lakuuu', '1', '1', 'sand-clock.jpg', 'sand-clock.jpg', 'sand-clock.jpg', 'sand-clock.jpg', 'sand-clock.jpg', 'sand-clock.jpg', 100000, 2000000, 2000000, 0, '', '1', '321123321123', '2020-12-01', '2020-12-08', NULL, NULL, '1000'),
('1', '2', 13, '0', 'yungming6@gmail.com', '0', '4', 'Testing', '2020-12-03 19:19:13', '', 'Tidakkkkk lakuuu', 'Testing', '1', '1', 'logo.png', 'logo.png', 'logo.png', 'logo.png', 'logo.png', 'logo.png', 1, 2, 1, 0, '', '1', '321123321121', '2020-12-03', '2020-12-03', NULL, NULL, ''),
('1', '2', 14, '0', 'yungming6@gmail.com', '0', '4', 'Barang Ming 2', '2020-12-08 11:38:51', '', 'Laptop', 'Laptop u', '1', '0', 'logi_belakang.png', 'logi_belakang.png', 'logi_belakang.png', 'logi_belakang.png', 'logi_belakang.png', 'logi_belakang.png', 10000000, 20000000, 15000000, 0, '', '1', '11111111113311', '2020-12-08', '2020-12-08', NULL, NULL, '1500');

-- --------------------------------------------------------

--
-- Table structure for table `pengirimans`
--

DROP TABLE IF EXISTS `pengirimans`;
CREATE TABLE `pengirimans` (
  `created_at` date DEFAULT NULL,
  `updated_at` date DEFAULT NULL,
  `deleted_at` date DEFAULT NULL,
  `pengiriman_id` int(11) NOT NULL,
  `tanggal_pengiriman` date DEFAULT NULL,
  `tanggal_diterima` date DEFAULT NULL,
  `status` int(11) NOT NULL,
  `resi` varchar(1000) DEFAULT NULL,
  `transaksi_id` int(11) NOT NULL
) ENGINE=InnoDB DEFAULT CHARSET=utf8mb4;

--
-- Dumping data for table `pengirimans`
--

INSERT INTO `pengirimans` (`created_at`, `updated_at`, `deleted_at`, `pengiriman_id`, `tanggal_pengiriman`, `tanggal_diterima`, `status`, `resi`, `transaksi_id`) VALUES
('2020-12-01', '2020-12-08', NULL, 1, '2020-12-08', NULL, 1, '123123', 9),
('2020-12-01', '2020-12-01', NULL, 2, NULL, NULL, 0, NULL, 10),
('2020-12-03', '2020-12-03', NULL, 3, NULL, NULL, 0, NULL, 11),
('2020-12-08', '2020-12-08', NULL, 4, NULL, NULL, 0, NULL, 12);

-- --------------------------------------------------------

--
-- Table structure for table `provinces`
--

DROP TABLE IF EXISTS `provinces`;
CREATE TABLE `provinces` (
  `id` bigint(20) UNSIGNED NOT NULL,
  `province_id` int(10) UNSIGNED NOT NULL,
  `title` varchar(255) COLLATE utf8mb4_unicode_ci NOT NULL,
  `created_at` timestamp NULL DEFAULT NULL,
  `updated_at` timestamp NULL DEFAULT NULL
) ENGINE=InnoDB DEFAULT CHARSET=utf8mb4 COLLATE=utf8mb4_unicode_ci;

--
-- Dumping data for table `provinces`
--

INSERT INTO `provinces` (`id`, `province_id`, `title`, `created_at`, `updated_at`) VALUES
(1, 1, 'Bali', '2020-12-03 04:02:04', '2020-12-03 04:02:04'),
(2, 2, 'Bangka Belitung', '2020-12-03 04:02:06', '2020-12-03 04:02:06'),
(3, 3, 'Banten', '2020-12-03 04:02:08', '2020-12-03 04:02:08'),
(4, 4, 'Bengkulu', '2020-12-03 04:02:09', '2020-12-03 04:02:09'),
(5, 5, 'DI Yogyakarta', '2020-12-03 04:02:10', '2020-12-03 04:02:10'),
(6, 6, 'DKI Jakarta', '2020-12-03 04:02:12', '2020-12-03 04:02:12'),
(7, 7, 'Gorontalo', '2020-12-03 04:02:13', '2020-12-03 04:02:13'),
(8, 8, 'Jambi', '2020-12-03 04:02:15', '2020-12-03 04:02:15'),
(9, 9, 'Jawa Barat', '2020-12-03 04:02:17', '2020-12-03 04:02:17'),
(10, 10, 'Jawa Tengah', '2020-12-03 04:02:18', '2020-12-03 04:02:18'),
(11, 11, 'Jawa Timur', '2020-12-03 04:02:20', '2020-12-03 04:02:20'),
(12, 12, 'Kalimantan Barat', '2020-12-03 04:02:21', '2020-12-03 04:02:21'),
(13, 13, 'Kalimantan Selatan', '2020-12-03 04:02:23', '2020-12-03 04:02:23'),
(14, 14, 'Kalimantan Tengah', '2020-12-03 04:02:24', '2020-12-03 04:02:24'),
(15, 15, 'Kalimantan Timur', '2020-12-03 04:02:26', '2020-12-03 04:02:26'),
(16, 16, 'Kalimantan Utara', '2020-12-03 04:02:27', '2020-12-03 04:02:27'),
(17, 17, 'Kepulauan Riau', '2020-12-03 04:02:29', '2020-12-03 04:02:29'),
(18, 18, 'Lampung', '2020-12-03 04:02:30', '2020-12-03 04:02:30'),
(19, 19, 'Maluku', '2020-12-03 04:02:32', '2020-12-03 04:02:32'),
(20, 20, 'Maluku Utara', '2020-12-03 04:02:33', '2020-12-03 04:02:33'),
(21, 21, 'Nanggroe Aceh Darussalam (NAD)', '2020-12-03 04:02:35', '2020-12-03 04:02:35'),
(22, 22, 'Nusa Tenggara Barat (NTB)', '2020-12-03 04:02:36', '2020-12-03 04:02:36'),
(23, 23, 'Nusa Tenggara Timur (NTT)', '2020-12-03 04:02:39', '2020-12-03 04:02:39'),
(24, 24, 'Papua', '2020-12-03 04:02:40', '2020-12-03 04:02:40'),
(25, 25, 'Papua Barat', '2020-12-03 04:02:42', '2020-12-03 04:02:42'),
(26, 26, 'Riau', '2020-12-03 04:02:43', '2020-12-03 04:02:43'),
(27, 27, 'Sulawesi Barat', '2020-12-03 04:02:45', '2020-12-03 04:02:45'),
(28, 28, 'Sulawesi Selatan', '2020-12-03 04:02:46', '2020-12-03 04:02:46'),
(29, 29, 'Sulawesi Tengah', '2020-12-03 04:02:48', '2020-12-03 04:02:48'),
(30, 30, 'Sulawesi Tenggara', '2020-12-03 04:02:49', '2020-12-03 04:02:49'),
(31, 31, 'Sulawesi Utara', '2020-12-03 04:02:51', '2020-12-03 04:02:51'),
(32, 32, 'Sumatera Barat', '2020-12-03 04:02:52', '2020-12-03 04:02:52'),
(33, 33, 'Sumatera Selatan', '2020-12-03 04:02:54', '2020-12-03 04:02:54'),
(34, 34, 'Sumatera Utara', '2020-12-03 04:02:56', '2020-12-03 04:02:56');

-- --------------------------------------------------------

--
-- Table structure for table `returs`
--

DROP TABLE IF EXISTS `returs`;
CREATE TABLE `returs` (
  `retur_id` int(11) NOT NULL,
  `deskripsi` varchar(1000) NOT NULL,
  `link_video` varchar(1000) NOT NULL,
  `status` int(11) NOT NULL,
  `transaksi_id` int(11) NOT NULL,
  `USERPB_ID` int(11) NOT NULL,
  `created_at` date DEFAULT NULL,
  `updated_at` date DEFAULT NULL,
  `deleted_at` date DEFAULT NULL
) ENGINE=InnoDB DEFAULT CHARSET=utf8mb4;

--
-- Dumping data for table `returs`
--

INSERT INTO `returs` (`retur_id`, `deskripsi`, `link_video`, `status`, `transaksi_id`, `USERPB_ID`, `created_at`, `updated_at`, `deleted_at`) VALUES
(4, 'Barang rusak', 'https://youtu.be/KSZvgnTeS5Q', 0, 9, 1, '2020-12-08', '2020-12-08', NULL);

-- --------------------------------------------------------

--
-- Table structure for table `transaksis`
--

DROP TABLE IF EXISTS `transaksis`;
CREATE TABLE `transaksis` (
  `transaksi_id` int(11) NOT NULL,
  `PENGAJUAN_ID` int(11) NOT NULL,
  `bukti_transfer` varchar(1000) NOT NULL,
  `status` int(11) NOT NULL,
  `email_pembeli` varchar(1000) NOT NULL,
  `rekening_tujuan` varchar(20) NOT NULL,
  `harga_kurir` int(11) NOT NULL,
  `harga_total` int(11) NOT NULL,
  `alasan` varchar(1000) DEFAULT NULL,
  `created_at` date DEFAULT NULL,
  `updated_at` date DEFAULT NULL,
  `deleted_at` date DEFAULT NULL
) ENGINE=InnoDB DEFAULT CHARSET=utf8mb4;

--
-- Dumping data for table `transaksis`
--

INSERT INTO `transaksis` (`transaksi_id`, `PENGAJUAN_ID`, `bukti_transfer`, `status`, `email_pembeli`, `rekening_tujuan`, `harga_kurir`, `harga_total`, `alasan`, `created_at`, `updated_at`, `deleted_at`) VALUES
(9, 9, 'bukti_transaksi.jpg', 5, 'yungming6@gmail.com', '5230001', 0, 0, NULL, '2020-12-01', '2020-12-08', NULL),
(10, 11, 'bukti_transaksi.jpg', 1, 'asd@asd.asd', '5230008', 0, 0, NULL, '2020-12-01', '2020-12-01', NULL),
(11, 13, 'bukti_transaksi.jpg', 1, 'yungming6@gmail.com', '5230001', 45000, 45001, NULL, '2020-12-03', '2020-12-03', NULL),
(12, 12, 'bukti_transaksi.jpg', 1, 'yungming6@gmail.com', '5230002', 7000, 2007000, NULL, '2020-12-08', '2020-12-08', NULL);

-- --------------------------------------------------------

--
-- Table structure for table `userpembelis`
--

DROP TABLE IF EXISTS `userpembelis`;
CREATE TABLE `userpembelis` (
  `USERPB_ID` varchar(5) NOT NULL,
  `USERPB_NAME` varchar(50) DEFAULT NULL,
  `USERPB_EMAIL` varchar(50) DEFAULT NULL,
  `USERPB_PHONE_NUMBER` varchar(20) DEFAULT NULL,
  `USERPB_ADDRESS` varchar(50) DEFAULT NULL,
  `USERPB_PASSWORD` varchar(100) DEFAULT NULL,
  `NIK` varchar(100) DEFAULT NULL,
  `FOTO_KTP` varchar(1000) DEFAULT NULL,
  `province` varchar(50) DEFAULT NULL,
  `city` varchar(50) DEFAULT NULL
) ENGINE=InnoDB DEFAULT CHARSET=utf8mb4;

--
-- Dumping data for table `userpembelis`
--

INSERT INTO `userpembelis` (`USERPB_ID`, `USERPB_NAME`, `USERPB_EMAIL`, `USERPB_PHONE_NUMBER`, `USERPB_ADDRESS`, `USERPB_PASSWORD`, `NIK`, `FOTO_KTP`, `province`, `city`) VALUES
('0', '0', 'def@def.def', '000000', 'def', 'def', NULL, NULL, NULL, NULL),
('1', 'ming1', 'yungming6@gmail.com', '082233101010', 'lokasiA', '7815696ecbf1c96e6894b779456d330e', '123123123', 'https://images.bisnis-cdn.com/thumb/posts/2019/02/27/894082/e-ktp-guohui-chen.jpg?w=600&h=400', '11', '444'),
('2', 'asdasd', 'asd@asd.asd', '082233101111', 'lokasiBSD', 'a3dcb4d229de6fde0db5686dee47145d', '123123213123', 'https://images.bisnis-cdn.com/thumb/posts/2019/02/27/894082/e-ktp-guohui-chen.jpg?w=600&h=400', '11', '409'),
('3', 'ko keset', 'ko@ko.ko', '082233101009', 'lokasiBSDe', 'asdasdasd', NULL, NULL, NULL, NULL),
('4', 'ming 2', 'yungming4@gmail.com', '082233101008', 'lokasi BSDe', '7815696ecbf1c96e6894b779456d330e', NULL, NULL, NULL, NULL);

-- --------------------------------------------------------

--
-- Table structure for table `users`
--

DROP TABLE IF EXISTS `users`;
CREATE TABLE `users` (
  `id` bigint(20) UNSIGNED NOT NULL,
  `name` varchar(255) COLLATE utf8mb4_unicode_ci NOT NULL,
  `email` varchar(255) COLLATE utf8mb4_unicode_ci NOT NULL,
  `email_verified_at` timestamp NULL DEFAULT NULL,
  `password` varchar(255) COLLATE utf8mb4_unicode_ci NOT NULL,
  `remember_token` varchar(100) COLLATE utf8mb4_unicode_ci DEFAULT NULL,
  `created_at` timestamp NULL DEFAULT NULL,
  `updated_at` timestamp NULL DEFAULT NULL
) ENGINE=InnoDB DEFAULT CHARSET=utf8mb4 COLLATE=utf8mb4_unicode_ci;

--
-- Indexes for dumped tables
--

--
-- Indexes for table `admins`
--
ALTER TABLE `admins`
  ADD PRIMARY KEY (`ADMINP_ID`);

--
-- Indexes for table `banks`
--
ALTER TABLE `banks`
  ADD PRIMARY KEY (`bank_id`);

--
-- Indexes for table `cities`
--
ALTER TABLE `cities`
  ADD PRIMARY KEY (`id`);

--
-- Indexes for table `couriers`
--
ALTER TABLE `couriers`
  ADD PRIMARY KEY (`id`);

--
-- Indexes for table `failed_jobs`
--
ALTER TABLE `failed_jobs`
  ADD PRIMARY KEY (`id`);

--
-- Indexes for table `jenisbarangs`
--
ALTER TABLE `jenisbarangs`
  ADD PRIMARY KEY (`JENIS_ID`);

--
-- Indexes for table `merkbarangs`
--
ALTER TABLE `merkbarangs`
  ADD PRIMARY KEY (`MERK_ID`);

--
-- Indexes for table `migrations`
--
ALTER TABLE `migrations`
  ADD PRIMARY KEY (`id`);

--
-- Indexes for table `pengajuans`
--
ALTER TABLE `pengajuans`
  ADD PRIMARY KEY (`PENGAJUAN_ID`);

--
-- Indexes for table `pengirimans`
--
ALTER TABLE `pengirimans`
  ADD PRIMARY KEY (`pengiriman_id`);

--
-- Indexes for table `provinces`
--
ALTER TABLE `provinces`
  ADD PRIMARY KEY (`id`);

--
-- Indexes for table `returs`
--
ALTER TABLE `returs`
  ADD PRIMARY KEY (`retur_id`);

--
-- Indexes for table `transaksis`
--
ALTER TABLE `transaksis`
  ADD PRIMARY KEY (`transaksi_id`);

--
-- Indexes for table `userpembelis`
--
ALTER TABLE `userpembelis`
  ADD PRIMARY KEY (`USERPB_ID`);

--
-- Indexes for table `users`
--
ALTER TABLE `users`
  ADD PRIMARY KEY (`id`),
  ADD UNIQUE KEY `users_email_unique` (`email`);

--
-- AUTO_INCREMENT for dumped tables
--

--
-- AUTO_INCREMENT for table `banks`
--
ALTER TABLE `banks`
  MODIFY `bank_id` int(11) NOT NULL AUTO_INCREMENT, AUTO_INCREMENT=13;

--
-- AUTO_INCREMENT for table `cities`
--
ALTER TABLE `cities`
  MODIFY `id` bigint(20) UNSIGNED NOT NULL AUTO_INCREMENT, AUTO_INCREMENT=502;

--
-- AUTO_INCREMENT for table `couriers`
--
ALTER TABLE `couriers`
  MODIFY `id` bigint(20) UNSIGNED NOT NULL AUTO_INCREMENT, AUTO_INCREMENT=4;

--
-- AUTO_INCREMENT for table `failed_jobs`
--
ALTER TABLE `failed_jobs`
  MODIFY `id` bigint(20) UNSIGNED NOT NULL AUTO_INCREMENT;

--
-- AUTO_INCREMENT for table `migrations`
--
ALTER TABLE `migrations`
  MODIFY `id` int(10) UNSIGNED NOT NULL AUTO_INCREMENT, AUTO_INCREMENT=21;

--
-- AUTO_INCREMENT for table `pengajuans`
--
ALTER TABLE `pengajuans`
  MODIFY `PENGAJUAN_ID` int(5) NOT NULL AUTO_INCREMENT, AUTO_INCREMENT=15;

--
-- AUTO_INCREMENT for table `pengirimans`
--
ALTER TABLE `pengirimans`
  MODIFY `pengiriman_id` int(11) NOT NULL AUTO_INCREMENT, AUTO_INCREMENT=5;

--
-- AUTO_INCREMENT for table `provinces`
--
ALTER TABLE `provinces`
  MODIFY `id` bigint(20) UNSIGNED NOT NULL AUTO_INCREMENT, AUTO_INCREMENT=35;

--
-- AUTO_INCREMENT for table `returs`
--
ALTER TABLE `returs`
  MODIFY `retur_id` int(11) NOT NULL AUTO_INCREMENT, AUTO_INCREMENT=5;

--
-- AUTO_INCREMENT for table `transaksis`
--
ALTER TABLE `transaksis`
  MODIFY `transaksi_id` int(11) NOT NULL AUTO_INCREMENT, AUTO_INCREMENT=13;

--
-- AUTO_INCREMENT for table `users`
--
ALTER TABLE `users`
  MODIFY `id` bigint(20) UNSIGNED NOT NULL AUTO_INCREMENT;
COMMIT;

/*!40101 SET CHARACTER_SET_CLIENT=@OLD_CHARACTER_SET_CLIENT */;
/*!40101 SET CHARACTER_SET_RESULTS=@OLD_CHARACTER_SET_RESULTS */;
/*!40101 SET COLLATION_CONNECTION=@OLD_COLLATION_CONNECTION */;
